{
  "lang":"fr",
  "name":"pipeline",
  "version":"0.0.0",
  "spacy_version":">=3.3.0,<3.4.0",
  "description":"",
  "author":"",
  "email":"",
  "url":"",
  "license":"",
  "spacy_git_version":"Unknown",
  "vectors":{
    "width":0,
    "vectors":0,
    "keys":0,
    "name":null,
    "mode":"default"
  },
  "labels":{
    "tok2vec":[

    ],
    "parser":[
      "ROOT",
      "dep"
    ],
    "ner":[
      "Cotation",
      "Date",
      "Duration",
      "Frequency",
      "Location",
      "Time",
      "Treatment"
    ]
  },
  "pipeline":[
    "tok2vec",
    "parser",
    "ner"
  ],
  "components":[
    "tok2vec",
    "parser",
    "ner"
  ],
  "disabled":[

  ],
  "performance":{
    "dep_uas":0.0,
    "dep_las":0.0,
    "dep_las_per_type":0.0,
    "sents_p":0.0,
    "sents_r":0.0,
    "sents_f":0.0,
    "ents_f":0.5002922268,
    "ents_p":0.7521968366,
    "ents_r":0.3747810858,
    "ents_per_type":{
      "Treatment":{
        "p":0.7083333333,
        "r":0.3017751479,
        "f":0.4232365145
      },
      "Location":{
        "p":0.9171974522,
        "r":0.9171974522,
        "f":0.9171974522
      },
      "Time":{
        "p":0.8857142857,
        "r":0.7948717949,
        "f":0.8378378378
      },
      "Date":{
        "p":0.5185185185,
        "r":0.0875,
        "f":0.1497326203
      },
      "Frequency":{
        "p":0.0,
        "r":0.0,
        "f":0.0
      },
      "Cotation":{
        "p":0.6571428571,
        "r":0.8518518519,
        "f":0.7419354839
      },
      "Duration":{
        "p":0.1794871795,
        "r":0.1186440678,
        "f":0.1428571429
      }
    },
    "tok2vec_loss":409.7045787356,
    "parser_loss":0.0,
    "ner_loss":556.8549292451
  }
}